slack,micro_loss,macro_loss,setup
0.0,0.3093406435677635,0.4017629486484219,odds macro
0.001,0.3059950591162718,0.3967116640902445,odds macro
0.002,0.3026494756615816,0.39166038074928233,odds macro
0.003,0.299303891927465,0.3866090969836916,odds macro
0.004,0.2959583071844769,0.38155781179609394,odds macro
0.005,0.29261272268802496,0.376506526885241,odds macro
0.006,0.2892671386093969,0.3714552427524388,odds macro
0.007,0.28592155469483993,0.3664039589316105,odds macro
0.008,0.2825759633932834,0.3613526639583454,odds macro
0.009000000000000001,0.27923038900231933,0.35630139352370527,odds macro
0.01,0.27709273328372475,0.3529902119540883,odds macro
0.011,0.27627596526980513,0.35158185851800383,odds macro
0.012,0.2754591972533187,0.3501735050784377,odds macro
0.013000000000000001,0.27464242920591797,0.3487651516392557,odds macro
0.014,0.27382565866059816,0.3473567952864609,odds macro
0.015,0.27300889320777855,0.34594844475100284,odds macro
0.016,0.2721807598188529,0.34479295888517936,odds macro
0.017,0.271819158311722,0.34417849292578295,odds macro
0.018000000000000002,0.2715445383694166,0.34364127945515477,odds macro
0.019,0.2712699195363242,0.343104067242577,odds macro
0.02,0.2709953001275267,0.3425668542653296,odds macro
0.021,0.2707206805844953,0.34202964121896084,odds macro
0.022,0.2704460611823247,0.3414924282910369,odds macro
0.023,0.270171442488931,0.34095521610146406,odds macro
0.024,0.2698968231852841,0.3404180032871803,odds macro
0.025,0.2696557284260339,0.3399245313813145,odds macro
0.026000000000000002,0.26948543422894056,0.33952343598241197,odds macro
0.027,0.26931514003352774,0.3391223405823526,odds macro
0.028,0.26914484584234344,0.33872124518073843,odds macro
0.029,0.26897455119154134,0.33832014881709516,odds macro
0.03,0.26880425726028423,0.33791905387072263,odds macro
0.031,0.26863396318728394,0.33751795870629375,odds macro
0.032,0.26846366908857944,0.3371168634609474,odds macro
0.033,0.2682933749316805,0.3367157680353996,odds macro
0.034,0.26812308077657576,0.33631467260939896,odds macro
0.035,0.26795278661309785,0.3359135771673937,odds macro
0.036000000000000004,0.2677824924270302,0.3355124817137445,odds macro
0.037,0.2676121982159593,0.3351113862585039,odds macro
0.038,0.26744190398890444,0.33471029082028003,odds macro
0.039,0.26727160976412045,0.33430919542147397,odds macro
0.04,0.26710131556239924,0.3339081000795049,odds macro
0.041,0.26693102139333913,0.333507004794947,odds macro
0.042,0.2667607272340229,0.3331059095393415,odds macro
0.043000000000000003,0.2665904330126644,0.33270481425899046,odds macro
0.044,0.2664201386363363,0.33230371885033927,odds macro
0.045,0.26624984405072416,0.33190262333958576,odds macro
0.046,0.26607955034238717,0.331501527943293,odds macro
0.047,0.2659092561479055,0.3311004325412178,odds macro
0.048,0.2657389619532641,0.3306993371390853,odds macro
0.049,0.26556866775849675,0.3302982417367861,odds macro
0.05,0.265398373564095,0.32989714633428535,odds macro
0.051000000000000004,0.26522807937083726,0.32949605093241363,odds macro
0.052000000000000005,0.2650577851571435,0.32909495550527035,odds macro
0.053,0.26488749099816333,0.32869386003467527,odds macro
0.054,0.264717196791994,0.32829276461735446,odds macro
0.055,0.2645235543168768,0.32795415969280395,odds macro
0.056,0.26432510399930265,0.3276284216646963,odds macro
0.057,0.2641266536946879,0.3273026836188664,odds macro
0.058,0.2639282034693232,0.3269769455798016,odds macro
0.059000000000000004,0.2637297532657471,0.3266512075448116,odds macro
0.06,0.2635313031067268,0.32632546952754604,odds macro
0.061,0.26333285282690977,0.3259997314735692,odds macro
0.062,0.2632082980630549,0.32575951767869105,odds macro
0.063,0.263106246083071,0.32554534789886536,odds macro
0.064,0.26300419418995724,0.3253311783088245,odds macro
0.065,0.2629021422757909,0.3251170086877805,odds macro
0.066,0.26278219361075494,0.32499474818274043,odds macro
0.067,0.26266165720555856,0.324875504817419,odds macro
0.068,0.26254112085970027,0.3247562614555478,odds macro
0.069,0.2624205845426517,0.3246370181108539,odds macro
0.07,0.2623000485084659,0.32451777490249656,odds macro
0.07100000000000001,0.26217951252416394,0.32439853193207,odds macro
0.07200000000000001,0.26205897563435665,0.3242792882410912,odds macro
0.073,0.26192572423439386,0.32419407554573976,odds macro
0.074,0.26178939802235845,0.32411709223129626,odds macro
0.075,0.26165307195496557,0.32404010882239376,odds macro
0.076,0.26151674588988416,0.3239631254202947,odds macro
0.077,0.261380419825719,0.32388614202253707,odds macro
0.078,0.2612440937855619,0.3238091586454246,odds macro
0.079,0.2611077681332441,0.3237321759545001,odds macro
0.08,0.2610079576444061,0.32367581244948773,odds macro
0.081,0.26100795757743933,0.3236758124158229,odds macro
0.082,0.26100795755984385,0.32367581240343435,odds macro
0.083,0.2610079614634434,0.3236758147994946,odds macro
0.084,0.2610079575600711,0.3236758124036113,odds macro
0.085,0.2610079599711743,0.32367581421899383,odds macro
0.08600000000000001,0.2610079593039498,0.32367581378397325,odds macro
0.08700000000000001,0.2610079589230554,0.3236758135246848,odds macro
0.088,0.261007958688648,0.3236758133619103,odds macro
0.089,0.26100795850010794,0.32367581322289674,odds macro
0.09,0.26100795835502144,0.3236758131113727,odds macro
0.091,0.2610079582418,0.3236758130210662,odds macro
0.092,0.26100795815113154,0.32367581294621406,odds macro
0.093,0.2610079580765017,0.32367581288262126,odds macro
0.094,0.2610079580134095,0.3236758128273518,odds macro
0.095,0.261007957958893,0.32367581277845725,odds macro
0.096,0.26100795791102105,0.32367581273467827,odds macro
0.097,0.26100795786847775,0.32367581269518775,odds macro
0.098,0.2610079578304252,0.3236758126594713,odds macro
0.099,0.26100795779626873,0.3236758126271714,odds macro
0.1,0.261007957765509,0.32367581259792344,odds macro
0.101,0.2610079577378478,0.32367581257154965,odds macro
0.10200000000000001,0.26100795771305774,0.32367581254788613,odds macro
0.10300000000000001,0.2610079576913438,0.32367581252720756,odds macro
0.10400000000000001,0.2610079576756169,0.323675812512615,odds macro
0.105,0.26100795766133555,0.32367581249933375,odds macro
0.106,0.2610079576484575,0.3236758124873377,odds macro
0.107,0.26100795763685025,0.3236758124764956,odds macro
0.108,0.26100795762643536,0.3236758124667404,odds macro
0.109,0.2610079576171235,0.3236758124580047,odds macro
0.11,0.26100795760885487,0.32367581245022514,odds macro
0.111,0.2610079576015374,0.323675812443332,odds macro
0.112,0.2610079575951091,0.3236758124372585,odds macro
0.113,0.26100795758927364,0.3236758124317691,odds macro
0.114,0.2610079575838471,0.32367581242671317,odds macro
0.115,0.2610079575792995,0.3236758124224458,odds macro
0.116,0.26100795757549977,0.32367581241886256,odds macro
0.117,0.26100795757234385,0.3236758124158646,odds macro
0.11800000000000001,0.2610079575697346,0.32367581241337007,odds macro
0.11900000000000001,0.2610079575675901,0.32367581241130605,odds macro
0.12,0.26100795756583894,0.3236758124096074,odds macro
0.121,0.2610079575644191,0.32367581240821997,odds macro
0.122,0.26100795756327455,0.3236758124070912,odds macro
0.123,0.2610079575623565,0.3236758124061817,odds macro
0.124,0.261007957561629,0.32367581240545584,odds macro
0.125,0.2610079575610609,0.3236758124048813,odds macro
0.126,0.26100795756061157,0.32367581240442933,odds macro
0.127,0.26100795756027306,0.3236758124040796,odds macro
0.128,0.26100795756005757,0.32367581240384713,odds macro
0.129,0.2610079575599292,0.32367581240368937,odds macro
0.13,0.2610079575598465,0.32367581240359067,odds macro
0.131,0.2610079575597952,0.32367581240352716,odds macro
0.132,0.26100795755977235,0.32367581240348364,odds macro
0.133,0.2610079575597746,0.32367581240348076,odds macro
0.134,0.2610079575597781,0.3236758124034842,odds macro
0.135,0.261007957559778,0.32367581240345,odds macro
0.136,0.26100795755916184,0.32367581240350374,odds macro
0.137,0.26100795756002415,0.32367581240351584,odds macro
0.138,0.26100796030710005,0.32367581459426287,odds macro
0.139,0.2610079605442541,0.32367581481870833,odds macro
0.14,0.2610079607834832,0.323675815020553,odds macro
0.14100000000000001,0.26100796101181345,0.3236758151986193,odds macro
0.14200000000000002,0.26100796117969205,0.32367581532977063,odds macro
0.14300000000000002,0.26100796130965964,0.32367581542959245,odds macro
0.14400000000000002,0.261007961441713,0.32367581552893177,odds macro
0.145,0.2610079615614437,0.3236758156153777,odds macro
0.146,0.2610079616619694,0.32367581568375137,odds macro
0.147,0.26100796175430263,0.32367581574136384,odds macro
0.148,0.2610079619058797,0.32367581582445215,odds macro
0.149,0.26100796203010324,0.32367581588854266,odds macro
0.15,0.26100795755835415,0.32367581240359167,odds macro
0.0,0.3093406435413324,0.4017629488845019,odds micro
0.001,0.3059950596107003,0.3967116648666451,odds micro
0.002,0.3026494757665501,0.3916603809227208,odds micro
0.003,0.29930389194348106,0.3866090970094356,odds micro
0.004,0.29595830812078827,0.3815578130964008,odds micro
0.005,0.2926127242984232,0.37650652918354444,odds micro
0.006,0.2892671404773631,0.3714552452726556,odds micro
0.007,0.285921556658731,0.36640396136477904,odds micro
0.008,0.28257597285320424,0.3613526774686946,odds micro
0.009000000000000001,0.27923039058652654,0.35630139585999554,odds micro
0.01,0.27707978742676564,0.35327824258756746,odds micro
0.011,0.27623591727890096,0.35247288608810345,odds micro
0.012,0.2753920516065804,0.351667534713464,odds micro
0.013000000000000001,0.2745481760880347,0.35086217194144786,odds micro
0.014,0.2737043056538394,0.3500568150237159,odds micro
0.015,0.2728604352214562,0.34925145807491786,odds micro
0.016,0.2720165647874806,0.34844610114679087,odds micro
0.017,0.2713021380374325,0.3478604257639294,odds micro
0.018000000000000002,0.270879453935428,0.3477699211782169,odds micro
0.019,0.27045678460793543,0.34767942320440925,odds micro
0.02,0.27003411027538804,0.34758893036713356,odds micro
0.021,0.2697612885145225,0.347671805188699,odds micro
0.022,0.2694909445990381,0.34775767108434275,odds micro
0.023,0.26922060958095473,0.34784348521033337,odds micro
0.024,0.26895027462841614,0.34792929858675825,odds micro
0.025,0.2686799394498499,0.3480151142948261,odds micro
0.026000000000000002,0.26840960444051154,0.3481009286245884,odds micro
0.027,0.26813926944545174,0.34818674309510633,odds micro
0.028,0.267868939456985,0.3482724554815866,odds micro
0.029,0.26760115878144874,0.34819281398220514,odds micro
0.03,0.2673447105170902,0.34737512458299946,odds micro
0.031,0.2670882771647114,0.34655728572300504,odds micro
0.032,0.2668318438431838,0.3457394466800151,odds micro
0.033,0.26657541052039957,0.34492160763138446,odds micro
0.034,0.26631897719704245,0.3441037685799516,odds micro
0.035,0.26606254387366646,0.3432859295283812,odds micro
0.036000000000000004,0.2658061105506391,0.34246809047780447,odds micro
0.037,0.26554967723382206,0.3416502514410067,odds micro
0.038,0.2652932439164192,0.3408324123255243,odds micro
0.039,0.26509237395425167,0.3401418472410892,odds micro
0.04,0.2649662382612916,0.3396224661562144,odds micro
0.041,0.2648401222660439,0.3391031311430952,odds micro
0.042,0.2647140063188106,0.33858379618432843,odds micro
0.043000000000000003,0.2645878903673069,0.3380644612126029,odds micro
0.044,0.26446177440888896,0.3375451262220306,odds micro
0.045,0.26433565844891127,0.33702579122944143,odds micro
0.046,0.26420955020379855,0.3365064720196036,odds micro
0.047,0.2640834393954138,0.335987158347103,odds micro
0.048,0.26395731058833893,0.33546778630193896,odds micro
0.049,0.26383119463693483,0.33494845132991435,odds micro
0.05,0.2637050786851197,0.33442911635591344,odds micro
0.051000000000000004,0.26357896273032877,0.3339097813759214,odds micro
0.052000000000000005,0.2634528467761781,0.3333904463981493,odds micro
0.053,0.2633267485787645,0.3328711382464483,odds micro
0.054,0.26320061487386526,0.33235177645658365,odds micro
0.055,0.2630744989292876,0.33183244150093216,odds micro
0.056,0.2629483829866437,0.3313131065505025,odds micro
0.057,0.2628222670496365,0.33079377161493484,odds micro
0.058,0.26269615111832,0.3302744366949608,odds micro
0.059000000000000004,0.26257003518782496,0.32975510177719114,odds micro
0.06,0.2624439192414747,0.3292357668144361,odds micro
0.061,0.2623178057424276,0.32871643746449564,odds micro
0.062,0.262226693256185,0.328386709319073,odds micro
0.063,0.2621462585681963,0.3281147593279189,odds micro
0.064,0.26206579041141576,0.3278427416464572,odds micro
0.065,0.26198534615857305,0.32757077247361444,odds micro
0.066,0.2619185771547099,0.3273061491022219,odds micro
0.067,0.2618522641434501,0.3270417812590546,odds micro
0.068,0.2617859511267777,0.3267774134057485,odds micro
0.069,0.2617196381219218,0.32651304557527994,odds micro
0.07,0.2616533259397553,0.3262486790514405,odds micro
0.07100000000000001,0.26158701231450343,0.325984310219141,odds micro
0.07200000000000001,0.26152069923664856,0.32571994233399704,odds micro
0.073,0.2614543861899432,0.325455574436606,odds micro
0.074,0.26138807315870927,0.3251912065467555,odds micro
0.075,0.2613217601822124,0.3249268387611707,odds micro
0.076,0.26125544723585226,0.3246624710284576,odds micro
0.077,0.26118913433446733,0.3243981033881168,odds micro
0.078,0.26112282170087286,0.32413373643691357,odds micro
0.079,0.261056509897751,0.3238693721189564,odds micro
0.08,0.26100795775317187,0.32367581353396446,odds micro
0.081,0.26100795764065865,0.32367581355483266,odds micro
0.082,0.26100795760472584,0.3236758129744507,odds micro
0.083,0.26100795767198803,0.32367581392619293,odds micro
0.084,0.26100795759189777,0.3236758127293786,odds micro
0.085,0.26100795757413797,0.3236758125368614,odds micro
0.08600000000000001,0.2610079575681752,0.32367581248690513,odds micro
0.08700000000000001,0.2610079588963816,0.32367583256074794,odds micro
0.088,0.26100795919929887,0.32367583731315486,odds micro
0.089,0.26100795937227006,0.323675839852431,odds micro
0.09,0.2610079594500333,0.32367584075586775,odds micro
0.091,0.26100795946700983,0.32367584066674204,odds micro
0.092,0.26100795944717325,0.3236758400173727,odds micro
0.093,0.26100795943508814,0.3236758395100211,odds micro
0.094,0.26100795940144905,0.32367583870311567,odds micro
0.095,0.261007959351098,0.32367583766948727,odds micro
0.096,0.2610079592876734,0.3236758364627125,odds micro
0.097,0.2610079592142208,0.32367583512849407,odds micro
0.098,0.26100795913349295,0.3236758337082156,odds micro
0.099,0.26100795904796203,0.32367583223933094,odds micro
0.1,0.26100795895982,0.3236758307548774,odds micro
0.101,0.2610079588709463,0.32367582928302285,odds micro
0.10200000000000001,0.2610079587829026,0.3236758278468601,odds micro
0.10300000000000001,0.26100795869696425,0.3236758264645334,odds micro
0.10400000000000001,0.2610079586140899,0.32367582514957693,odds micro
0.105,0.26100795853501624,0.32367582391142646,odds micro
0.106,0.26100795846023583,0.3236758227559725,odds micro
0.107,0.2610079583900634,0.3236758216861563,odds micro
0.108,0.2610079583246502,0.32367582070251666,odds micro
0.109,0.26100795826402423,0.32367581980372007,odds micro
0.11,0.26100795820811584,0.3236758189869965,odds micro
0.111,0.26100795815677424,0.32367581824853964,odds micro
0.112,0.2610079581098097,0.32367581758383135,odds micro
0.113,0.26100795806697796,0.32367581698790726,odds micro
0.114,0.26100795802800814,0.32367581645557253,odds micro
0.115,0.26100795799263754,0.32367581598157447,odds micro
0.116,0.2610079579605794,0.3236758155607199,odds micro
0.117,0.26100795793154696,0.3236758151879836,odds micro
0.11800000000000001,0.26100795790527687,0.32367581485856534,odds micro
0.11900000000000001,0.2610079578815029,0.3236758145679447,odds micro
0.12,0.26100795785998065,0.3236758143119002,odds micro
0.121,0.26100795784046993,0.32367581408652135,odds micro
0.122,0.26100795782275765,0.32367581388938393,odds micro
0.123,0.261007957806634,0.32367581371758236,odds micro
0.124,0.2610079577919072,0.3236758135665826,odds micro
0.125,0.26100795777840946,0.3236758134336549,odds micro
0.126,0.2610079577659815,0.32367581331626905,odds micro
0.127,0.2610079577544767,0.3236758132120169,odds micro
0.128,0.2610079577437485,0.3236758131184069,odds micro
0.129,0.26100795773366203,0.32367581303236326,odds micro
0.13,0.26100795772472196,0.32367581296037595,odds micro
0.131,0.26100795771917773,0.3236758129452565,odds micro
0.132,0.2610079577134645,0.3236758129291091,odds micro
0.133,0.2610079577076012,0.3236758129120022,odds micro
0.134,0.2610079577044483,0.32367581290564207,odds micro
0.135,0.2610079577045812,0.3236758129123648,odds micro
0.136,0.26100795770458474,0.32367581291821945,odds micro
0.137,0.26100795770446394,0.3236758129232339,odds micro
0.138,0.26100795770422613,0.32367581292743897,odds micro
0.139,0.26100795770387697,0.3236758129308659,odds micro
0.14,0.2610079577034149,0.3236758129335383,odds micro
0.14100000000000001,0.261007957702852,0.32367581293548664,odds micro
0.14200000000000002,0.2610079577021899,0.3236758129367394,odds micro
0.14300000000000002,0.26100795770146523,0.3236758129374465,odds micro
0.14400000000000002,0.26100795770065,0.323675812937524,odds micro
0.145,0.2610079576997436,0.32367581293696845,odds micro
0.146,0.26100795769874086,0.3236758129358014,odds micro
0.147,0.2610079576976593,0.3236758129340557,odds micro
0.148,0.26100795769648855,0.3236758129317555,odds micro
0.149,0.26100795769524154,0.32367581292892755,odds micro
0.15,0.2610079576939196,0.32367581292560066,odds micro
0.0,0.28584727893365647,0.3609472324052202,strict macro
0.001,0.28528026177520927,0.3600420460926238,strict macro
0.002,0.28471324478081195,0.3591368596829606,strict macro
0.003,0.28414622785374755,0.3582316733467784,strict macro
0.004,0.28357921092910277,0.3573264870129338,strict macro
0.005,0.2830121939830591,0.35642130065513233,strict macro
0.006,0.2824451770211456,0.35551611428119456,strict macro
0.007,0.2818781600400796,0.35461092788842563,strict macro
0.008,0.2813111430513715,0.35370574148209677,strict macro
0.009000000000000001,0.2807441260728236,0.352800555088714,strict macro
0.01,0.28017710910824,0.35189536871304805,strict macro
0.011,0.27961009215559884,0.35099018235245905,strict macro
0.012,0.27904307521111116,0.3500849960014478,strict macro
0.013000000000000001,0.27847605826546273,0.34917980963949924,strict macro
0.014,0.27790904131080907,0.34827462327568126,strict macro
0.015,0.27734202434430955,0.34736943690533095,strict macro
0.016,0.27677500737911365,0.34646425052884877,strict macro
0.017,0.276207990414574,0.3455590641531766,strict macro
0.018000000000000002,0.2756409734394538,0.3446538777618797,strict macro
0.019,0.2750739564707835,0.3437486913794151,strict macro
0.02,0.2745069395170674,0.3428435050136657,strict macro
0.021,0.2739399219110604,0.3419383180054113,strict macro
0.022,0.27337290559631733,0.3410331322809621,strict macro
0.023,0.27285663352897693,0.34017942562870107,strict macro
0.024,0.2726300861646237,0.33961963908527626,strict macro
0.025,0.27240353878220014,0.3390598525803016,strict macro
0.026000000000000002,0.27223645258753615,0.3385688844376399,strict macro
0.027,0.27207224975620936,0.33808125353379603,strict macro
0.028,0.27190804689634984,0.33759362265083115,strict macro
0.029,0.27174384403449436,0.3371059917729441,strict macro
0.03,0.2715796412005186,0.3366183608941935,strict macro
0.031,0.27141543836837734,0.3361307299931703,strict macro
0.032,0.2712512355349209,0.3356430990916085,strict macro
0.033,0.2710870326990513,0.3351554681797654,strict macro
0.034,0.27092282987065774,0.3346678372829627,strict macro
0.035,0.27075862714566556,0.33418020637822654,strict macro
0.036000000000000004,0.2705946486413602,0.333966653676237,strict macro
0.037,0.2704306726750608,0.3337551783600802,strict macro
0.038,0.2702666945205955,0.3335437026300069,strict macro
0.039,0.27010271839981814,0.3333322279293204,strict macro
0.04,0.26993874205267054,0.33312075326543933,strict macro
0.041,0.2697747646818224,0.33290927822082095,strict macro
0.042,0.26961078770401625,0.33269780302267804,strict macro
0.043000000000000003,0.2694468108234369,0.33248632784960075,strict macro
0.044,0.26928283401573827,0.33227485270763946,strict macro
0.045,0.26911885827988247,0.3320633785950532,strict macro
0.046,0.26895488157336656,0.3318519035858868,strict macro
0.047,0.26879090486763024,0.33164042857672926,strict macro
0.048,0.26862692816135003,0.33142895356756297,strict macro
0.049,0.26846295145576515,0.33121747855856476,strict macro
0.05,0.2682989747498171,0.33100600354924603,strict macro
0.051000000000000004,0.2681349980429997,0.33079452854007163,strict macro
0.052000000000000005,0.2679710213369043,0.3305830535309212,strict macro
0.053,0.2678070446317563,0.3303715785218456,strict macro
0.054,0.2676430679268733,0.33016010351278824,strict macro
0.055,0.2674790912220295,0.3299486285037262,strict macro
0.056,0.2673151145169812,0.3297371534946797,strict macro
0.057,0.26715113781202104,0.32952567848561476,strict macro
0.058,0.26698716110816323,0.32931420347659157,strict macro
0.059000000000000004,0.2668231844059815,0.32910272846692024,strict macro
0.06,0.2666592077059984,0.32889125344810966,strict macro
0.061,0.2664952310187052,0.3286797783977998,strict macro
0.062,0.2663312544031825,0.3284683033168707,strict macro
0.063,0.26616727785188987,0.32825682820035296,strict macro
0.064,0.26600330153515805,0.3280453531983213,strict macro
0.065,0.26583932420011236,0.3278338783916789,strict macro
0.066,0.26571740771302665,0.3277117035931302,strict macro
0.067,0.2655968711643155,0.32759246021176536,strict macro
0.068,0.2654763346834207,0.3274732168548379,strict macro
0.069,0.2653557982992035,0.3273539735040848,strict macro
0.07,0.26523526194121283,0.327234730154795,strict macro
0.07100000000000001,0.2651147255948767,0.3271154868057127,strict macro
0.07200000000000001,0.26499418925895146,0.3269962434543491,strict macro
0.073,0.26487365292511333,0.32687700010355136,strict macro
0.074,0.2647531165912883,0.32675775675315,strict macro
0.075,0.26463258025654846,0.32663851340285566,strict macro
0.076,0.26451204392022154,0.32651927005248493,strict macro
0.077,0.2643915075820099,0.32640002670197654,strict macro
0.078,0.2642709712418052,0.3262807833512874,strict macro
0.079,0.26415043489971857,0.32616154000041186,strict macro
0.08,0.2640298985562264,0.3260422966493882,strict macro
0.081,0.2639093622119345,0.32592305329828486,strict macro
0.082,0.2637888258677683,0.32580380994717917,strict macro
0.083,0.2636682895246578,0.32568456659618494,strict macro
0.084,0.26354775318347734,0.3255653232453982,strict macro
0.085,0.26342721692080384,0.3254460799057991,strict macro
0.08600000000000001,0.26330668062229123,0.32532683656159433,strict macro
0.08700000000000001,0.26318614418158637,0.3252075931976409,strict macro
0.088,0.26306560783692423,0.32508834983803814,strict macro
0.089,0.2629450717626166,0.32496910650170785,strict macro
0.09,0.2628245367453469,0.32484986325644394,strict macro
0.091,0.26270399884950213,0.3247306197968918,strict macro
0.092,0.2625834625200869,0.3246113764476656,strict macro
0.093,0.26246129071521673,0.32449651032277993,strict macro
0.094,0.2623249648606929,0.3244195270244249,strict macro
0.095,0.2621886386189439,0.32434254355247916,strict macro
0.096,0.26205231255716044,0.32426556016307106,strict macro
0.097,0.2619159864941919,0.3241885767709838,strict macro
0.098,0.2617796604320548,0.32411159337932016,strict macro
0.099,0.26164333437182685,0.32403460998868294,strict macro
0.1,0.26150700831321694,0.3239576265989297,strict macro
0.101,0.2613706822556967,0.32388064320966226,strict macro
0.10200000000000001,0.2612343561979775,0.32380365982006787,strict macro
0.10300000000000001,0.26109803013869226,0.3237266764283273,strict macro
0.10400000000000001,0.26100795756447825,0.3236758124120017,strict macro
0.105,0.2610079575603541,0.3236758124042346,strict macro
0.106,0.26100795756018014,0.32367581240401533,strict macro
0.107,0.2610079575600054,0.3236758124038003,strict macro
0.108,0.2610079575599037,0.3236758124036746,strict macro
0.109,0.2610079575598092,0.32367581240359844,strict macro
0.11,0.2610079575597326,0.32367581240356724,strict macro
0.111,0.26100795755972306,0.3236758124035398,strict macro
0.112,0.2610079575597851,0.32367581240352294,strict macro
0.113,0.26100795756002604,0.3236758124035092,strict macro
0.114,0.26100795891885686,0.32367581420979263,strict macro
0.115,0.26100795877868677,0.3236758140444015,strict macro
0.116,0.26100795864357906,0.323675813876943,strict macro
0.117,0.2610079585225854,0.3236758137229637,strict macro
0.11800000000000001,0.261007958417557,0.32367581358693487,strict macro
0.11900000000000001,0.26100795832746726,0.32367581346867713,strict macro
0.12,0.26100795825032574,0.32367581336624607,strict macro
0.121,0.2610079581839856,0.3236758132772293,strict macro
0.122,0.2610079581264729,0.32367581319929706,strict macro
0.123,0.26100795807610655,0.3236758131304196,strict macro
0.124,0.26100795803184473,0.32367581306940985,strict macro
0.125,0.26100795799232734,0.3236758130145293,strict macro
0.126,0.261007957956529,0.323675812964458,strict macro
0.127,0.2610079579237814,0.3236758129183891,strict macro
0.128,0.26100795789362996,0.32367581287576097,strict macro
0.129,0.26100795786569575,0.323675812836118,strict macro
0.13,0.26100795783969166,0.32367581279911395,strict macro
0.131,0.2610079578154133,0.32367581276450064,strict macro
0.132,0.2610079577927067,0.3236758127320941,strict macro
0.133,0.26100795777146113,0.32367581270175805,strict macro
0.134,0.26100795775158725,0.3236758126733855,strict macro
0.135,0.26100795773302377,0.3236758126468996,strict macro
0.136,0.26100795771571517,0.3236758126222288,strict macro
0.137,0.26100795769962226,0.3236758125993138,strict macro
0.138,0.26100795768469964,0.32367581257809663,strict macro
0.139,0.26100795767091334,0.3236758125585224,strict macro
0.14,0.2610079576582234,0.3236758125405298,strict macro
0.14100000000000001,0.26100795764658746,0.3236758125240624,strict macro
0.14200000000000002,0.26100795763598084,0.3236758125090632,strict macro
0.14300000000000002,0.26100795762632834,0.3236758124954471,strict macro
0.14400000000000002,0.26100795761759543,0.32367581248314703,strict macro
0.145,0.26100795760972717,0.3236758124720872,strict macro
0.146,0.2610079576026815,0.32367581246219645,strict macro
0.147,0.2610079575963974,0.32367581245339594,strict macro
0.148,0.2610079575908302,0.3236758124456104,strict macro
0.149,0.26100795758592166,0.32367581243876253,strict macro
0.15,0.26100795758161965,0.32367581243277666,strict macro
0.0,0.285847278805057,0.3609472325350156,strict micro
0.001,0.28524134452193417,0.3601280597988179,strict micro
0.002,0.2846354102252576,0.3593088870423271,strict micro
0.003,0.28402947592528893,0.3584897142806369,strict micro
0.004,0.2834235530049668,0.3576705604714253,strict micro
0.005,0.282817607600062,0.35685136932998784,strict micro
0.006,0.2822116732534352,0.356032196427015,strict micro
0.007,0.28160573895745444,0.3552130236530747,strict micro
0.008,0.28099980468738917,0.3543938509277266,strict micro
0.009000000000000001,0.2803938703884925,0.35357467815430654,strict micro
0.01,0.2797879360736164,0.3527555053554948,strict micro
0.011,0.2791820017445572,0.3519363325334378,strict micro
0.012,0.2785760674203893,0.3511171597053807,strict micro
0.013000000000000001,0.2779701331197886,0.35029798693773373,strict micro
0.014,0.2773641988064576,0.34947881416256477,strict micro
0.015,0.2767582645040576,0.3486596413975914,strict micro
0.016,0.2761523302309199,0.34784046869886764,strict micro
0.017,0.2755463959963016,0.3470212960947052,strict micro
0.018000000000000002,0.27494046174163256,0.34620212344801604,strict micro
0.019,0.27433452780580525,0.3453829510425316,strict micro
0.02,0.2737285944780754,0.3445637792537841,strict micro
0.021,0.2731226654980392,0.34374461329894723,strict micro
0.022,0.27251672433365925,0.3429254319572457,strict micro
0.023,0.2719535121748624,0.3421754705256709,strict micro
0.024,0.2716901074124296,0.3418853495158062,strict micro
0.025,0.2714444383061161,0.341615755671569,strict micro
0.026000000000000002,0.27119876934571296,0.34134616193798994,strict micro
0.027,0.2709531005530449,0.3410765682786371,strict micro
0.028,0.270707431674606,0.3408069746270125,strict micro
0.029,0.2704617629095041,0.3405373811999357,strict micro
0.03,0.2702160941010956,0.3402677873641965,strict micro
0.031,0.26997043216335914,0.33999821030503385,strict micro
0.032,0.26972475641920257,0.33972859992116744,strict micro
0.033,0.26947908762662254,0.33945900630160397,strict micro
0.034,0.26923341883599383,0.3391894126894711,strict micro
0.035,0.26898776258649826,0.3389198738122484,strict micro
0.036000000000000004,0.2687601010926568,0.3388766753099596,strict micro
0.037,0.2685325887890181,0.33883524834304823,strict micro
0.038,0.268305076478331,0.3387938213278915,strict micro
0.039,0.268077564169372,0.33875239432234794,strict micro
0.04,0.26785005186143174,0.33871096732292183,strict micro
0.041,0.26762254962455145,0.3386695977028419,strict micro
0.042,0.2673950325615425,0.338628143664247,strict micro
0.043000000000000003,0.26716751795174143,0.33858670357471266,strict micro
0.044,0.266940005294958,0.3385452744360259,strict micro
0.045,0.26671249247424555,0.33850384388567345,strict micro
0.046,0.26648497988176245,0.33846241438014857,strict micro
0.047,0.2662574673939657,0.3384209857093031,strict micro
0.048,0.26602995493127035,0.33837955748511217,strict micro
0.049,0.2658024425035037,0.33833812967592114,strict micro
0.05,0.26557493010701727,0.33829670216149077,strict micro
0.051000000000000004,0.26534741773852544,0.3382552747545229,strict micro
0.052000000000000005,0.26511990573133937,0.3382138488498815,strict micro
0.053,0.2648923918742446,0.3381724164181371,strict micro
0.054,0.26472701718998637,0.33796468299182036,strict micro
0.055,0.26462209812464654,0.3375951557213014,strict micro
0.056,0.26451717683723985,0.3372256166218516,strict micro
0.057,0.26441225622811515,0.33685608107449994,strict micro
0.058,0.2643073357301682,0.3364865461755361,strict micro
0.059000000000000004,0.26420241525617183,0.3361170114734112,strict micro
0.06,0.26409749479576927,0.3357474768517892,strict micro
0.061,0.2639925743472029,0.3353779422710891,strict micro
0.062,0.2638876539054611,0.3350084077028568,strict micro
0.063,0.2637827335132221,0.3346388734457787,strict micro
0.064,0.26367782820474883,0.334269404823604,strict micro
0.065,0.26357289284510443,0.33389980496143934,strict micro
0.066,0.26350535366443406,0.33363209770626734,strict micro
0.067,0.26343903957867765,0.3333677262708624,strict micro
0.068,0.2633727265825164,0.33310335833763505,strict micro
0.069,0.2633064135863846,0.3328389904675223,strict micro
0.07,0.2632401005878777,0.332574622613385,strict micro
0.07100000000000001,0.26317378758600096,0.33231025475939246,strict micro
0.07200000000000001,0.2631074745811278,0.3320458869022609,strict micro
0.073,0.263041161574185,0.33178151904248077,strict micro
0.074,0.26297484856601194,0.33151715118148817,strict micro
0.075,0.2629085355588694,0.33125278332471775,strict micro
0.076,0.26284222255382195,0.33098841547329216,strict micro
0.077,0.26277590954846786,0.33072404762028695,strict micro
0.078,0.2627095965429973,0.3304596797659872,strict micro
0.079,0.2626432835377568,0.33019531191117013,strict micro
0.08,0.2625769705326323,0.3299309440556958,strict micro
0.081,0.2625106575277226,0.3296665761997909,strict micro
0.082,0.2624443445229482,0.3294022083431707,strict micro
0.083,0.26237803151826855,0.3291378404858053,strict micro
0.084,0.2623117185153543,0.3288734726404915,strict micro
0.085,0.26224540551939857,0.3286091048494971,strict micro
0.08600000000000001,0.2621790925412084,0.3283447371851923,strict micro
0.08700000000000001,0.26211277956718404,0.3280803695568979,strict micro
0.088,0.26204646659706665,0.32781600196412386,strict micro
0.089,0.26198015363126614,0.3275516344096291,strict micro
0.09,0.26191384067093015,0.32728726689894694,strict micro
0.091,0.26184752774801234,0.32702289958964625,strict micro
0.092,0.2617812149359632,0.3267585328845648,strict micro
0.093,0.26171490244517737,0.3264941677614913,strict micro
0.094,0.2616485904035998,0.3262298047349478,strict micro
0.095,0.2615822790677812,0.325965445000465,strict micro
0.096,0.2615159687827554,0.3257010898216156,strict micro
0.097,0.2614496597152218,0.32543673981267063,strict micro
0.098,0.2613833364909449,0.3251723230803202,strict micro
0.099,0.26131702349354713,0.3249079552643027,strict micro
0.1,0.2612507264756776,0.324643641243776,strict micro
0.101,0.2611843975011654,0.32437921963779603,strict micro
0.10200000000000001,0.2611180845065806,0.32411485183392996,strict micro
0.10300000000000001,0.26105177151615455,0.32385048404136896,strict micro
0.10400000000000001,0.2610079591434916,0.32367582920200333,strict micro
0.105,0.2610079575610067,0.3236758124165985,strict micro
0.106,0.26100796758098255,0.32367591514361127,strict micro
0.107,0.26100796949223914,0.32367592648835597,strict micro
0.108,0.2610079578838831,0.32367581566505244,strict micro
0.109,0.26100796034413076,0.32367583901776065,strict micro
0.11,0.26100795757785966,0.3236758125544412,strict micro
0.111,0.2610079575782852,0.32367581256496025,strict micro
0.112,0.2610079575776909,0.3236758125557295,strict micro
0.113,0.26100795757681616,0.32367581254384625,strict micro
0.114,0.2610079575758517,0.3236758125314555,strict micro
0.115,0.26100795757485096,0.3236758125193514,strict micro
0.116,0.26100795757383943,0.32367581250778654,strict micro
0.117,0.26100795757282524,0.3236758124968234,strict micro
0.11800000000000001,0.2610079575718005,0.3236758124864555,strict micro
0.11900000000000001,0.2610079575707649,0.32367581247665245,strict micro
0.12,0.2610079575697243,0.3236758124674046,strict micro
0.121,0.26100795756866846,0.32367581245869015,strict micro
0.122,0.2610079575676374,0.32367581245068733,strict micro
0.123,0.2610079575667922,0.323675812444124,strict micro
0.124,0.2610079575659966,0.32367581243806853,strict micro
0.125,0.2610079575652451,0.32367581243261967,strict micro
0.126,0.2610079575647384,0.32367581242861654,strict micro
0.127,0.2610079575642713,0.3236758124250567,strict micro
0.128,0.2610079575638393,0.32367581242187216,strict micro
0.129,0.26100795756343664,0.323675812419033,strict micro
0.13,0.2610079575630615,0.32367581241651344,strict micro
0.131,0.26100795756272954,0.3236758124146021,strict micro
0.132,0.2610079575624641,0.32367581241379806,strict micro
0.133,0.26100795756220585,0.32367581241300813,strict micro
0.134,0.2610079575619648,0.32367581241223975,strict micro
0.135,0.26100795756173134,0.3236758124114929,strict micro
0.136,0.2610079575615135,0.3236758124107758,strict micro
0.137,0.26100795756131145,0.3236758124100926,strict micro
0.138,0.2610079575611228,0.32367581240944787,strict micro
0.139,0.2610079575609442,0.32367581240882437,strict micro
0.14,0.2610079575619423,0.32367581240936927,strict micro
0.14100000000000001,0.2610079761781898,0.3236758973974285,strict micro
0.14200000000000002,0.26100797299370937,0.32367588632128286,strict micro
0.14300000000000002,0.26100797023492517,0.3236758763763352,strict micro
0.14400000000000002,0.26100796786460567,0.3236758675016925,strict micro
0.145,0.26100796584640285,0.3236758596308489,strict micro
0.146,0.26100796414503125,0.3236758526926605,strict micro
0.147,0.2610079627264197,0.32367584661234794,strict micro
0.148,0.2610079615578441,0.32367584131252425,strict micro
0.149,0.26100796060804976,0.32367583671422595,strict micro
0.15,0.2610079598474452,0.3236758327379897,strict micro
0.0,0.26953551274122234,0.3390380318809162,opportunity macro
0.001,0.26943346089324915,0.3388238622941978,opportunity macro
0.002,0.269331409040773,0.33860969270662367,opportunity macro
0.003,0.26922935718702135,0.3383955231181329,opportunity macro
0.004,0.269127318597555,0.3381813548547815,opportunity macro
0.005,0.26902525125855536,0.3379671832497796,opportunity macro
0.006,0.2689231991530727,0.337753013596903,opportunity macro
0.007,0.2688211485837062,0.3375388443344276,opportunity macro
0.008,0.2687190978112396,0.337324675183469,opportunity macro
0.009000000000000001,0.2686170457954494,0.33711050551904786,opportunity macro
0.01,0.2685149937873489,0.33689633586436407,opportunity macro
0.011,0.2684129418030332,0.33668216622947955,opportunity macro
0.012,0.2683108898588693,0.3364679966197309,opportunity macro
0.013000000000000001,0.2682088379631423,0.3362538270341049,opportunity macro
0.014,0.26810678611538885,0.33603965746644493,opportunity macro
0.015,0.268004734309626,0.3358254879080681,opportunity macro
0.016,0.2679026822619598,0.3356113183942918,opportunity macro
0.017,0.2678006303335657,0.33539714906352336,opportunity macro
0.018000000000000002,0.2676985793770885,0.33518297929939767,opportunity macro
0.019,0.26759652752332985,0.33496880971153165,opportunity macro
0.02,0.2674944756695845,0.3347546401236966,opportunity macro
0.021,0.2673924238158576,0.33454047053586533,opportunity macro
0.022,0.26729037196213934,0.3343263009480336,opportunity macro
0.023,0.2671883201084194,0.3341121313601936,opportunity macro
0.024,0.26708626825468484,0.3338979617723431,opportunity macro
0.025,0.2669842164009336,0.3336837921844752,opportunity macro
0.026000000000000002,0.2668821645471633,0.33346962259659185,opportunity macro
0.027,0.26678011269336643,0.33325545300868586,opportunity macro
0.028,0.2666780608395313,0.33304128342076433,opportunity macro
0.029,0.2665760089856901,0.3328271138328317,opportunity macro
0.03,0.26647395713182054,0.33261294424488386,opportunity macro
0.031,0.2663719052780855,0.3323987746570124,opportunity macro
0.032,0.26626985342446796,0.33218460506920133,opportunity macro
0.033,0.2661678015708657,0.3319704354813974,opportunity macro
0.034,0.266065749717294,0.3317562658936052,opportunity macro
0.035,0.2659636978637584,0.3315420963058141,opportunity macro
0.036000000000000004,0.2658616460102394,0.3313279267180387,opportunity macro
0.037,0.26575959415672734,0.33111375713026725,opportunity macro
0.038,0.26565754230326255,0.3308995875425005,opportunity macro
0.039,0.265555490449799,0.3306854179547559,opportunity macro
0.04,0.26545343859623405,0.3304712483669481,opportunity macro
0.041,0.26535138674263636,0.3302570787791358,opportunity macro
0.042,0.2652493348890206,0.33004290919132284,opportunity macro
0.043000000000000003,0.26514728303538826,0.32982873960351367,opportunity macro
0.044,0.265045231181807,0.32961457001573347,opportunity macro
0.045,0.26494317932836753,0.32940040042805396,opportunity macro
0.046,0.26484112747484034,0.3291862308403707,opportunity macro
0.047,0.26473907564325394,0.3289720612562702,opportunity macro
0.048,0.2646370238408253,0.3287578916769248,opportunity macro
0.049,0.26453497203415566,0.3285437220970584,opportunity macro
0.05,0.264432920220806,0.3283295525163946,opportunity macro
0.051000000000000004,0.2643308684000487,0.3281153829348945,opportunity macro
0.052000000000000005,0.26422881657221464,0.32790121335271094,opportunity macro
0.053,0.26412676473831476,0.32768704377006896,opportunity macro
0.054,0.2640247128990426,0.32747287418717264,opportunity macro
0.055,0.2639226610550012,0.32725870460405426,opportunity macro
0.056,0.2638206092057127,0.32704453502042163,opportunity macro
0.057,0.2637185573491485,0.3268303654352276,opportunity macro
0.058,0.2636165054814421,0.3266161958464139,opportunity macro
0.059000000000000004,0.2635144535974966,0.32640202625125403,opportunity macro
0.06,0.26341240169423474,0.32618785664944683,opportunity macro
0.061,0.26331034977711154,0.32597368704661056,opportunity macro
0.062,0.2632082978369106,0.3257595174416509,opportunity macro
0.063,0.2631062460391973,0.3255453478824356,opportunity macro
0.064,0.26300419430355826,0.3253311783647531,opportunity macro
0.065,0.2629021422888088,0.3251170086858072,opportunity macro
0.066,0.2627821935637519,0.32499474817993723,opportunity macro
0.067,0.2626616571650988,0.32487550481115157,opportunity macro
0.068,0.26254112082087966,0.324756261456694,opportunity macro
0.069,0.26242058463559426,0.3246370181704564,opportunity macro
0.07,0.2623000487884741,0.3245177750419289,opportunity macro
0.07100000000000001,0.2621795127550527,0.3243985321735571,opportunity macro
0.07200000000000001,0.2620589757011994,0.32427928826066277,opportunity macro
0.073,0.26192572409241266,0.3241940756047632,opportunity macro
0.074,0.261789398022621,0.32411709221716734,opportunity macro
0.075,0.26165307199211063,0.3240401088286329,opportunity macro
0.076,0.2615167458912512,0.32396312541750205,opportunity macro
0.077,0.2613804198433427,0.32388614203895694,opportunity macro
0.078,0.26124409400536086,0.3238091588862416,opportunity macro
0.079,0.26110776807194536,0.32373217572796875,opportunity macro
0.08,0.26100795766518536,0.3236758124657103,opportunity macro
0.081,0.26100795760491347,0.3236758124367114,opportunity macro
0.082,0.2610079575701477,0.32367581241174825,opportunity macro
0.083,0.2610079575598838,0.3236758124035862,opportunity macro
0.084,0.2610079590096702,0.32367581336629503,opportunity macro
0.085,0.26100796236050827,0.32367581550246494,opportunity macro
0.08600000000000001,0.26100796274232285,0.3236758157705052,opportunity macro
0.08700000000000001,0.2610079606576642,0.3236758144561903,opportunity macro
0.088,0.2610079588014401,0.32367581336574547,opportunity macro
0.089,0.26100795871087834,0.32367581333886797,opportunity macro
0.09,0.2610079586195596,0.32367581329594286,opportunity macro
0.091,0.26100795853354675,0.3236758132479921,opportunity macro
0.092,0.26100795845421254,0.32367581319878047,opportunity macro
0.093,0.2610079583814058,0.3236758131499481,opportunity macro
0.094,0.26100795831456547,0.32367581310220517,opportunity macro
0.095,0.26100795825298007,0.32367581305582593,opportunity macro
0.096,0.2610079581959318,0.32367581301089043,opportunity macro
0.097,0.2610079581435649,0.32367581296807646,opportunity macro
0.098,0.2610079580943765,0.32367581292640935,opportunity macro
0.099,0.2610079580481547,0.3236758128860191,opportunity macro
0.1,0.26100795800470944,0.32367581284703695,opportunity macro
0.101,0.2610079579639186,0.3236758128095877,opportunity macro
0.10200000000000001,0.26100795792576015,0.32367581277384094,opportunity macro
0.10300000000000001,0.26100795789014464,0.3236758127399132,opportunity macro
0.10400000000000001,0.2610079578569192,0.3236758127077688,opportunity macro
0.105,0.2610079578260165,0.3236758126774767,opportunity macro
0.106,0.2610079577973847,0.3236758126490803,opportunity macro
0.107,0.261007957770959,0.32367581262260636,opportunity macro
0.108,0.2610079577467147,0.32367581259810685,opportunity macro
0.109,0.2610079577245389,0.3236758125755367,opportunity macro
0.11,0.2610079577043267,0.3236758125548195,opportunity macro
0.111,0.2610079576859853,0.32367581253591116,opportunity macro
0.112,0.26100795766941953,0.3236758125187471,opportunity macro
0.113,0.261007957654524,0.32367581250325506,opportunity macro
0.114,0.26100795764121076,0.3236758124893484,opportunity macro
0.115,0.2610079576293812,0.32367581247694843,opportunity macro
0.116,0.2610079576189097,0.3236758124659448,opportunity macro
0.117,0.2610079576091128,0.32367581245578136,opportunity macro
0.11800000000000001,0.2610079576004516,0.32367581244680454,opportunity macro
0.11900000000000001,0.2610079575930786,0.3236758124391166,opportunity macro
0.12,0.26100795758684137,0.3236758124325698,opportunity macro
0.121,0.26100795758159434,0.32367581242702814,opportunity macro
0.122,0.2610079575772042,0.3236758124223652,opportunity macro
0.123,0.26100795757354667,0.3236758124184672,opportunity macro
0.124,0.26100795757053197,0.32367581241523213,opportunity macro
0.125,0.2610079575680554,0.3236758124125666,opportunity macro
0.126,0.26100795756604356,0.32367581241038945,opportunity macro
0.127,0.2610079575644231,0.32367581240862864,opportunity macro
0.128,0.2610079575632561,0.3236758124073339,opportunity macro
0.129,0.2610079575623794,0.3236758124063476,opportunity macro
0.13,0.26100795756168527,0.32367581240556864,opportunity macro
0.131,0.2610079575611475,0.32367581240496424,opportunity macro
0.132,0.26100795756073647,0.32367581240450327,opportunity macro
0.133,0.26100795756042794,0.3236758124041583,opportunity macro
0.134,0.2610079575602008,0.3236758124039042,opportunity macro
0.135,0.2610079575601024,0.32367581240378973,opportunity macro
0.136,0.2610079575601042,0.32367581240375254,opportunity macro
0.137,0.2610079575600287,0.32367581240368526,opportunity macro
0.138,0.2610079575599953,0.3236758124036574,opportunity macro
0.139,0.26100795755997463,0.32367581240363563,opportunity macro
0.14,0.2610079575599543,0.32367581240362364,opportunity macro
0.14100000000000001,0.2610079575590226,0.3236758124036362,opportunity macro
0.14200000000000002,0.2610079575599822,0.3236758124035992,opportunity macro
0.14300000000000002,0.2610079618014022,0.3236758160084542,opportunity macro
0.14400000000000002,0.2610079616607083,0.3236758160144194,opportunity macro
0.145,0.26100796208433563,0.3236758163884912,opportunity macro
0.146,0.261007962471393,0.32367581671190504,opportunity macro
0.147,0.26100796279710503,0.3236758169765258,opportunity macro
0.148,0.261007963065077,0.3236758171876608,opportunity macro
0.149,0.26100795755989303,0.3236758124036666,opportunity macro
0.15,0.2610079575599322,0.32367581240368226,opportunity macro
0.0,0.2695355129564386,0.33903803214513173,opportunity micro
0.001,0.2693281233999525,0.33919669780562145,opportunity micro
0.002,0.26912073405162285,0.3393553637136204,opportunity micro
0.003,0.26891334469977224,0.3395140296243533,opportunity micro
0.004,0.26870595535642017,0.3396726955396453,opportunity micro
0.005,0.26849856600621325,0.3398313614537276,opportunity micro
0.006,0.2682911766513171,0.33999002736694794,opportunity micro
0.007,0.2680837872926555,0.3401486932795714,opportunity micro
0.008,0.2678763979976795,0.3403073592022684,opportunity micro
0.009000000000000001,0.26766900875723065,0.34046602685872607,opportunity micro
0.01,0.2674616425099403,0.3406247264338649,opportunity micro
0.011,0.267254229835302,0.34078335692353234,opportunity micro
0.012,0.26704684048171135,0.34094202283553343,opportunity micro
0.013000000000000001,0.26683945112686525,0.341100688746827,opportunity micro
0.014,0.26663206176981114,0.34125935465880364,opportunity micro
0.015,0.26642883817175056,0.3413966287951339,opportunity micro
0.016,0.26630939587491065,0.3411036450223567,opportunity micro
0.017,0.2661899542439592,0.3408106618205974,opportunity micro
0.018000000000000002,0.2660705140461941,0.34051768066578425,opportunity micro
0.019,0.26595107160376097,0.3402246952097515,opportunity micro
0.02,0.2658316279232441,0.3399317088588606,opportunity micro
0.021,0.26571218597937907,0.3396387248171876,opportunity micro
0.022,0.26559274410563294,0.33934574077545854,opportunity micro
0.023,0.2654733022590279,0.3390527567409748,opportunity micro
0.024,0.26535386035841846,0.33875977272490765,opportunity micro
0.025,0.26523441835788497,0.33846678875840264,opportunity micro
0.026000000000000002,0.26512292574476515,0.3381780865956725,opportunity micro
0.027,0.26504247485229404,0.3379061038764051,opportunity micro
0.028,0.26496202388096923,0.33763412103873913,opportunity micro
0.029,0.26488157291105496,0.33736213820621275,opportunity micro
0.03,0.2648011252150603,0.3370901558902547,opportunity micro
0.031,0.2647206722332168,0.3368181750147904,opportunity micro
0.032,0.2646402212378627,0.33654619196585467,opportunity micro
0.033,0.2645597696607259,0.3362742079553749,opportunity micro
0.034,0.2644793183630795,0.3360022243511236,opportunity micro
0.035,0.26439886741300533,0.3357302415875306,opportunity micro
0.036000000000000004,0.26431841647451093,0.33545825884880087,opportunity micro
0.037,0.26423796553752266,0.33518627610193497,opportunity micro
0.038,0.26415751460121095,0.33491429334802525,opportunity micro
0.039,0.2640770636649712,0.3346423105874913,opportunity micro
0.04,0.2639966127283292,0.3343703278204714,opportunity micro
0.041,0.2639161618086513,0.33409834509839575,opportunity micro
0.042,0.26383571089752844,0.33382636239414454,opportunity micro
0.043000000000000003,0.2637552599853643,0.3335543796123105,opportunity micro
0.044,0.2636748090843527,0.33328239685788386,opportunity micro
0.045,0.2635943582361657,0.33301041422694855,opportunity micro
0.046,0.2635139074375631,0.33273843166951256,opportunity micro
0.047,0.2634334567543798,0.33246644926794244,opportunity micro
0.048,0.26335300640497716,0.332194467308046,opportunity micro
0.049,0.26327255690560103,0.3319224864513485,opportunity micro
0.05,0.2631921092535464,0.33165050790011186,opportunity micro
0.051000000000000004,0.26311166513151074,0.3313785334942204,opportunity micro
0.052000000000000005,0.26303122709473203,0.3311065656316875,opportunity micro
0.053,0.26295075061925033,0.3308345519798689,opportunity micro
0.054,0.26287029969267317,0.33056256922297045,opportunity micro
0.055,0.262789848766956,0.3302905864665098,opportunity micro
0.056,0.26270939784203473,0.3300186037100682,opportunity micro
0.057,0.2626289469168648,0.32974662095184837,opportunity micro
0.058,0.2625484959893313,0.32947463819161404,opportunity micro
0.059000000000000004,0.26246804506035437,0.32920265543486604,opportunity micro
0.06,0.26238759416661817,0.3289306726618041,opportunity micro
0.061,0.2623071434003501,0.32865869008332593,opportunity micro
0.062,0.2622266947014319,0.32838671210366865,opportunity micro
0.063,0.26214626130712115,0.32811476691010355,opportunity micro
0.064,0.26206579040776856,0.3278427416390177,opportunity micro
0.065,0.2619853580795195,0.3275707970246766,opportunity micro
0.066,0.26191857713197286,0.32730614905619204,opportunity micro
0.067,0.2618522641261183,0.32704178122603345,opportunity micro
0.068,0.2617859511217244,0.3267774133964415,opportunity micro
0.069,0.2617196599051085,0.32651308944539126,opportunity micro
0.07,0.26165332893708315,0.3262486848123144,opportunity micro
0.07100000000000001,0.26158701338865,0.3259843117903616,opportunity micro
0.07200000000000001,0.2615206996779599,0.32571994291401263,opportunity micro
0.073,0.26145438632104645,0.32545557463052444,opportunity micro
0.074,0.261388073447839,0.3251912069855969,opportunity micro
0.075,0.2613217604646806,0.32492683924723365,opportunity micro
0.076,0.26125544751878194,0.3246624715618672,opportunity micro
0.077,0.26118913475966254,0.3243981043213745,opportunity micro
0.078,0.26112282199631154,0.32413373718840355,opportunity micro
0.079,0.2610565133995306,0.32386937771584556,opportunity micro
0.08,0.2610079586515812,0.3236758239158304,opportunity micro
0.081,0.26100795760947815,0.3236758130744225,opportunity micro
0.082,0.26100795760274464,0.32367581293483283,opportunity micro
0.083,0.2610079575895835,0.32367581272022694,opportunity micro
0.084,0.26100795757709583,0.3236758125471274,opportunity micro
0.085,0.2610079575687345,0.3236758124595579,opportunity micro
0.08600000000000001,0.2610079575623231,0.3236758124214637,opportunity micro
0.08700000000000001,0.2610079579035032,0.32367581738106377,opportunity micro
0.088,0.2610079581144573,0.32367582020514785,opportunity micro
0.089,0.2610079578109663,0.3236758155627527,opportunity micro
0.09,0.26100795791031417,0.3236758169185009,opportunity micro
0.091,0.26100795796339904,0.32367581757450203,opportunity micro
0.092,0.26100795798884047,0.3236758178147462,opportunity micro
0.093,0.2610079579970692,0.3236758178016649,opportunity micro
0.094,0.26100795799480037,0.32367581763908093,opportunity micro
0.095,0.26100795798616105,0.3236758173898555,opportunity micro
0.096,0.26100795797357434,0.3236758170905226,opportunity micro
0.097,0.26100795795998266,0.3236758167805541,opportunity micro
0.098,0.26100795794443366,0.3236758164495751,opportunity micro
0.099,0.2610079579272535,0.32367581610331053,opportunity micro
0.1,0.2610079579087511,0.32367581574731075,opportunity micro
0.101,0.26100795788921316,0.3236758153864209,opportunity micro
0.10200000000000001,0.2610079578689041,0.3236758150251271,opportunity micro
0.10300000000000001,0.26100795784807174,0.3236758146675357,opportunity micro
0.10400000000000001,0.26100795782695385,0.32367581431692105,opportunity micro
0.105,0.26100795780571007,0.3236758139745337,opportunity micro
0.106,0.26100795778433805,0.3236758136360014,opportunity micro
0.107,0.2610079577623884,0.3236758132768509,opportunity micro
0.108,0.26100795775212604,0.32367581306502613,opportunity micro
0.109,0.2610079577546425,0.32367581308153837,opportunity micro
0.11,0.261007957756032,0.32367581309355664,opportunity micro
0.111,0.26100795775627395,0.3236758131009666,opportunity micro
0.112,0.2610079577553812,0.32367581310371074,opportunity micro
0.113,0.26100795775336094,0.32367581310179505,opportunity micro
0.114,0.2610079577502361,0.3236758130952615,opportunity micro
0.115,0.2610079577460236,0.323675813084089,opportunity micro
0.116,0.26100795774075547,0.32367581306835425,opportunity micro
0.117,0.2610079577344695,0.32367581304816706,opportunity micro
0.11800000000000001,0.2610079577272134,0.3236758130236619,opportunity micro
0.11900000000000001,0.2610079577190393,0.3236758129950008,opportunity micro
0.12,0.2610079577099954,0.3236758129623736,opportunity micro
0.121,0.2610079577001495,0.3236758129260081,opportunity micro
0.122,0.2610079576895634,0.32367581288616665,opportunity micro
0.123,0.261007957678309,0.32367581284316405,opportunity micro
0.124,0.261007957666468,0.3236758127973771,opportunity micro
0.125,0.2610079576650972,0.32367581279491375,opportunity micro
0.126,0.2610079576644797,0.3236758127953715,opportunity micro
0.127,0.2610079576637576,0.3236758127951779,opportunity micro
0.128,0.2610079576629326,0.3236758127943622,opportunity micro
0.129,0.26100795766201357,0.3236758127929492,opportunity micro
0.13,0.2610079576610016,0.32367581279096624,opportunity micro
0.131,0.26100795765990237,0.32367581278844104,opportunity micro
0.132,0.2610079576587184,0.32367581278540103,opportunity micro
0.133,0.26100795765745677,0.3236758127818731,opportunity micro
0.134,0.2610079576561215,0.32367581277788615,opportunity micro
0.135,0.2610079576547132,0.3236758127734657,opportunity micro
0.136,0.2610079576532358,0.32367581276863866,opportunity micro
0.137,0.2610079576517004,0.3236758127634335,opportunity micro
0.138,0.261007957650102,0.3236758127578748,opportunity micro
0.139,0.26100795764844753,0.3236758127519864,opportunity micro
0.14,0.26100795764673923,0.32367581274579627,opportunity micro
0.14100000000000001,0.26100795764497864,0.3236758127393239,opportunity micro
0.14200000000000002,0.2610079576431745,0.3236758127325968,opportunity micro
0.14300000000000002,0.2610079576413259,0.3236758127256336,opportunity micro
0.14400000000000002,0.26100795763945195,0.323675812718501,opportunity micro
0.145,0.26100795763760964,0.32367581271134016,opportunity micro
0.146,0.26100795763572315,0.3236758127039794,opportunity micro
0.147,0.2610079576337929,0.32367581269643253,opportunity micro
0.148,0.26100795763182183,0.32367581268871426,opportunity micro
0.149,0.26100795762981,0.3236758126808388,opportunity micro
0.15,0.26100795762776063,0.323675812672816,opportunity micro
0.0,0.3018421052418526,0.34303072125172285,demographic_parity macro
0.001,0.3011507896922745,0.3428132361611088,demographic_parity macro
0.002,0.3004594741419826,0.3425957510729728,demographic_parity macro
0.003,0.2997681586608898,0.34237826599297927,demographic_parity macro
0.004,0.29907684313816973,0.34216078090695834,demographic_parity macro
0.005,0.2983855276072306,0.3419432958199966,demographic_parity macro
0.006,0.2976942084058939,0.34172581059956675,demographic_parity macro
0.007,0.29700289655057843,0.34150832564708034,demographic_parity macro
0.008,0.2963115810222853,0.34129084056089665,demographic_parity macro
0.009000000000000001,0.2956202654932669,0.34107335547523954,demographic_parity macro
0.01,0.29492894996293695,0.34085587039072474,demographic_parity macro
0.011,0.29423763442878814,0.340638385307935,demographic_parity macro
0.012,0.2935463188894256,0.3404209002281139,demographic_parity macro
0.013000000000000001,0.29285500334363224,0.34020341515232333,demographic_parity macro
0.014,0.29216368779160906,0.33998593008119726,demographic_parity macro
0.015,0.2914723722351559,0.3397684450145714,demographic_parity macro
0.016,0.29078105667685483,0.3395509599512089,demographic_parity macro
0.017,0.290089741118187,0.33933347488864685,demographic_parity macro
0.018000000000000002,0.289398425556626,0.3391159898230882,demographic_parity macro
0.019,0.2887071099789317,0.3388985047494266,demographic_parity macro
0.02,0.288015794331395,0.3386810196611266,demographic_parity macro
0.021,0.2873244779188848,0.3384635345505821,demographic_parity macro
0.022,0.286861857291587,0.33827552179554565,demographic_parity macro
0.023,0.28656726086751627,0.33810916304738237,demographic_parity macro
0.024,0.2862726644197573,0.33794280429371826,demographic_parity macro
0.025,0.2859780679670262,0.33777644553895725,demographic_parity macro
0.026000000000000002,0.2856834715147949,0.337610086784748,demographic_parity macro
0.027,0.285388875064863,0.33744372803167677,demographic_parity macro
0.028,0.28509427861756587,0.33727736927982244,demographic_parity macro
0.029,0.284799682172552,0.3371110105290386,demographic_parity macro
0.03,0.2845050857294297,0.33694465177911936,demographic_parity macro
0.031,0.2842104892879087,0.3367782930298644,demographic_parity macro
0.032,0.2839158928475105,0.33661193428108904,demographic_parity macro
0.033,0.283621296407745,0.33644557553259535,demographic_parity macro
0.034,0.2833266999683164,0.33627921678429196,demographic_parity macro
0.035,0.2830321035294858,0.33611285803623525,demographic_parity macro
0.036000000000000004,0.2827375070910062,0.33594649928832,demographic_parity macro
0.037,0.282442910652727,0.3357801405404869,demographic_parity macro
0.038,0.28214831494627,0.3356137834200069,demographic_parity macro
0.039,0.28185371723325825,0.33544742397637684,demographic_parity macro
0.04,0.28155912019741325,0.3352810648380661,demographic_parity macro
0.041,0.2812645235344028,0.3351147058721594,demographic_parity macro
0.042,0.2809699267803424,0.3349483470217509,demographic_parity macro
0.043000000000000003,0.28067533016292556,0.3347819882252905,demographic_parity macro
0.044,0.2803807336210977,0.334615629463778,demographic_parity macro
0.045,0.28008613704904806,0.3344492707299124,demographic_parity macro
0.046,0.27979154025643616,0.3342829120316765,demographic_parity macro
0.047,0.2794969432433947,0.3341165533692805,demographic_parity macro
0.048,0.2792023469949001,0.3339501946340996,demographic_parity macro
0.049,0.27890775040007854,0.3337838359355729,demographic_parity macro
0.05,0.2786131538609625,0.33361747723032387,demographic_parity macro
0.051000000000000004,0.2783185573724235,0.3334511185171334,demographic_parity macro
0.052000000000000005,0.2780239609283992,0.3332847597956623,demographic_parity macro
0.053,0.27772936452239805,0.33311840106630364,demographic_parity macro
0.054,0.27743476814774715,0.33295204232984954,demographic_parity macro
0.055,0.2771401717980422,0.33278568358730176,demographic_parity macro
0.056,0.27684557542399557,0.33261932484746426,demographic_parity macro
0.057,0.2765509790638727,0.33245296610436437,demographic_parity macro
0.058,0.2762563827211365,0.3322866073574047,demographic_parity macro
0.059000000000000004,0.2759617863924928,0.33212024860707057,demographic_parity macro
0.06,0.2756671900747547,0.3319538898538398,demographic_parity macro
0.061,0.27537259376498135,0.33178753109813286,demographic_parity macro
0.062,0.2750779974604408,0.3316211723403084,demographic_parity macro
0.063,0.274783401158725,0.3314548135806884,demographic_parity macro
0.064,0.274488804857825,0.33128845481955305,demographic_parity macro
0.065,0.27419420855599563,0.3311220960571445,demographic_parity macro
0.066,0.2738996122518381,0.330955737293678,demographic_parity macro
0.067,0.27360501594428555,0.3307893785293321,demographic_parity macro
0.068,0.2733104196313758,0.33062301976433106,demographic_parity macro
0.069,0.2730158233120433,0.33045666099880544,demographic_parity macro
0.07,0.27272122698777657,0.3302903022327457,demographic_parity macro
0.07100000000000001,0.2724266306582672,0.3301239434662814,demographic_parity macro
0.07200000000000001,0.27213203432333755,0.3299575846995175,demographic_parity macro
0.073,0.2718374379826969,0.3297912259326564,demographic_parity macro
0.074,0.27154284163663145,0.3296248671656693,demographic_parity macro
0.075,0.2712482452851258,0.3294585083986914,demographic_parity macro
0.076,0.27095364892590124,0.32929214963274944,demographic_parity macro
0.077,0.2706590525625111,0.32912579086662885,demographic_parity macro
0.078,0.2703644562702333,0.32895943211504164,demographic_parity macro
0.079,0.27006986033307934,0.3287930736095709,demographic_parity macro
0.08,0.26977526433497656,0.3286267151060721,demographic_parity macro
0.081,0.26948066823309325,0.32846035651657957,demographic_parity macro
0.082,0.2691860722877216,0.3282939980623466,demographic_parity macro
0.083,0.26889147625401266,0.32812763955051005,demographic_parity macro
0.084,0.26859688014455396,0.3279612809766005,demographic_parity macro
0.085,0.268302283963213,0.327794922343731,demographic_parity macro
0.08600000000000001,0.26800768770920413,0.3276285636590516,demographic_parity macro
0.08700000000000001,0.2677130913783361,0.32746220492860667,demographic_parity macro
0.088,0.26741849496240244,0.3272958461523928,demographic_parity macro
0.089,0.2671238984476596,0.32712948731955205,demographic_parity macro
0.09,0.266829301813575,0.32696312840351105,demographic_parity macro
0.091,0.26653470503464083,0.3267967693603425,demographic_parity macro
0.092,0.26624010844240975,0.32663041034097906,demographic_parity macro
0.093,0.2659455134471944,0.3264640525282324,demographic_parity macro
0.094,0.26565091769723026,0.32629769368697403,demographic_parity macro
0.095,0.2653563172460226,0.3261313331724246,demographic_parity macro
0.096,0.26506172080783863,0.3259649744247294,demographic_parity macro
0.097,0.2647671243653342,0.3257986156777294,demographic_parity macro
0.098,0.2644725279208483,0.3256322569313276,demographic_parity macro
0.099,0.2641779314774054,0.32546589818515537,demographic_parity macro
0.1,0.26388333503599803,0.3252995394389012,demographic_parity macro
0.101,0.2635887385964767,0.3251331806923963,demographic_parity macro
0.10200000000000001,0.2632941421583537,0.32496682194555626,demographic_parity macro
0.10300000000000001,0.262999545721181,0.32480046319826084,demographic_parity macro
0.10400000000000001,0.2627049492849167,0.32463410445036633,demographic_parity macro
0.105,0.26241035284998315,0.3244677457016447,demographic_parity macro
0.106,0.2621157564270099,0.32430138695850685,demographic_parity macro
0.107,0.2618211600102933,0.3241350282166251,demographic_parity macro
0.108,0.2615265635382803,0.3239686694593241,demographic_parity macro
0.109,0.26123196699274753,0.32380231074031585,demographic_parity macro
0.11,0.26100795868028404,0.3236758131682006,demographic_parity macro
0.111,0.2610079581108822,0.32367581293289704,demographic_parity macro
0.112,0.26100795790246967,0.3236758127684952,demographic_parity macro
0.113,0.26100795780320085,0.323675812681007,demographic_parity macro
0.114,0.2610079577373524,0.3236758126152496,demographic_parity macro
0.115,0.26100795768823426,0.32367581256135025,demographic_parity macro
0.116,0.26100795765074236,0.323675812517486,demographic_parity macro
0.117,0.26100795762238904,0.3236758124828555,demographic_parity macro
0.11800000000000001,0.2610079576014006,0.3236758124564787,demographic_parity macro
0.11900000000000001,0.26100795758629003,0.32367581243713517,demographic_parity macro
0.12,0.261007957575758,0.3236758124235143,demographic_parity macro
0.121,0.2610079575681926,0.32367581241400234,demographic_parity macro
0.122,0.2610079575632269,0.3236758124078659,demographic_parity macro
0.123,0.2610079575619342,0.32367581240616816,demographic_parity macro
0.124,0.26100795756132644,0.3236758124052903,demographic_parity macro
0.125,0.2610079575608596,0.32367581240465515,demographic_parity macro
0.126,0.26100795756047557,0.32367581240418675,demographic_parity macro
0.127,0.2610079575601717,0.3236758124038527,demographic_parity macro
0.128,0.26100795755999673,0.3236758124037,demographic_parity macro
0.129,0.26100795755989437,0.32367581240362375,demographic_parity macro
0.13,0.2610079608107949,0.3236758158604761,demographic_parity macro
0.131,0.2610079607167539,0.3236758158826496,demographic_parity macro
0.132,0.2610079613332671,0.3236758164946498,demographic_parity macro
0.133,0.261007957559394,0.32367581240366017,demographic_parity macro
0.134,0.26100795755978257,0.3236758124036868,demographic_parity macro
0.135,0.2610079575599128,0.3236758124036926,demographic_parity macro
0.136,0.26100795755905803,0.3236758124036868,demographic_parity macro
0.137,0.26100795755996753,0.32367581240367815,demographic_parity macro
0.138,0.26100795756044515,0.32367581240370813,demographic_parity macro
0.139,0.26100795756022255,0.32367581240377563,demographic_parity macro
0.14,0.2610079575588101,0.3236758124036804,demographic_parity macro
0.14100000000000001,0.26100796145848204,0.32367581655704136,demographic_parity macro
0.14200000000000002,0.26100796110571856,0.3236758162232857,demographic_parity macro
0.14300000000000002,0.2610079607614786,0.32367581589492433,demographic_parity macro
0.14400000000000002,0.26100796043309926,0.3236758155785503,demographic_parity macro
0.145,0.2610079601251698,0.32367581527881095,demographic_parity macro
0.146,0.2610079598400882,0.3236758149993625,demographic_parity macro
0.147,0.26100795957779555,0.3236758147442863,demographic_parity macro
0.148,0.2610079594600738,0.32367581462656825,demographic_parity macro
0.149,0.26100795944304833,0.32367581459816297,demographic_parity macro
0.15,0.26100795942379607,0.3236758145679315,demographic_parity macro
0.0,0.2681384774084917,0.3544013632721018,demographic_parity micro
0.001,0.2680634495287827,0.35399496258347063,demographic_parity micro
0.002,0.26798842059094774,0.35358855556999325,demographic_parity micro
0.003,0.2679133921510025,0.3531821514819298,demographic_parity micro
0.004,0.26783836373300407,0.3527757475491372,demographic_parity micro
0.005,0.2677633353078509,0.35236934358034755,demographic_parity micro
0.006,0.267688306883227,0.3519629396137809,demographic_parity micro
0.007,0.26761329809305445,0.35155667368805144,demographic_parity micro
0.008,0.26753825004508236,0.3511501317476239,demographic_parity micro
0.009000000000000001,0.2674632216278334,0.35074372783045316,demographic_parity micro
0.01,0.2673881932105928,0.3503373239129005,demographic_parity micro
0.011,0.2673131647919361,0.34993091998251213,demographic_parity micro
0.012,0.2672381363700227,0.34952451602254897,demographic_parity micro
0.013000000000000001,0.26716310794692144,0.3491181120500485,demographic_parity micro
0.014,0.2670880795339219,0.3487117081618023,demographic_parity micro
0.015,0.2670130511250155,0.348305304303557,demographic_parity micro
0.016,0.26693802271957034,0.3478989004702444,demographic_parity micro
0.017,0.26686299431571525,0.3474924966485283,demographic_parity micro
0.018000000000000002,0.266787965915638,0.34708609285215464,demographic_parity micro
0.019,0.26671293752397385,0.34667968909560154,demographic_parity micro
0.02,0.26663790910925933,0.34627328516116407,demographic_parity micro
0.021,0.26656288064969735,0.3458668809020743,demographic_parity micro
0.022,0.2664950606792229,0.34555106351398235,demographic_parity micro
0.023,0.2664325369951206,0.3453018024270892,demographic_parity micro
0.024,0.26637001331010435,0.3450525413334927,demographic_parity micro
0.025,0.26630748962546635,0.34480328024186646,demographic_parity micro
0.026000000000000002,0.26624498678889463,0.3445541309307406,demographic_parity micro
0.027,0.2661824518711541,0.34430480945154585,demographic_parity micro
0.028,0.26611992308391674,0.34405552073517887,demographic_parity micro
0.029,0.26605739710112075,0.34380624716245967,demographic_parity micro
0.03,0.265994872373009,0.3435569804224159,demographic_parity micro
0.031,0.26593234820309886,0.34330771673823335,demographic_parity micro
0.032,0.2658698243259934,0.34305845463951334,demographic_parity micro
0.033,0.2658073005074577,0.3428091928185223,demographic_parity micro
0.034,0.26574477672390373,0.3425599311709394,demographic_parity micro
0.035,0.2656822532086154,0.34231067132753246,demographic_parity micro
0.036000000000000004,0.26561972970316894,0.3420614116610815,demographic_parity micro
0.037,0.26555720610771427,0.34181215143871235,demographic_parity micro
0.038,0.26549468245985575,0.3415628906792465,demographic_parity micro
0.039,0.2654321586697742,0.3413136287873515,demographic_parity micro
0.04,0.2653696350317891,0.34106436769457305,demographic_parity micro
0.041,0.26530711137731255,0.34081510654791103,demographic_parity micro
0.042,0.2652445877064322,0.34056584535827705,demographic_parity micro
0.043000000000000003,0.2651820640923309,0.3403165845992425,demographic_parity micro
0.044,0.2651195404576734,0.3400673237728742,demographic_parity micro
0.045,0.26505701679855875,0.33981806283870275,demographic_parity micro
0.046,0.2649944931198088,0.33956880181526905,demographic_parity micro
0.047,0.2649319694256961,0.3393195407194244,demographic_parity micro
0.048,0.26486944575222615,0.33907027971805825,demographic_parity micro
0.049,0.2648069221494833,0.3388210190487746,demographic_parity micro
0.05,0.26474439852543585,0.3385717582815867,demographic_parity micro
0.051000000000000004,0.2646818748797497,0.3383224974152529,demographic_parity micro
0.052000000000000005,0.26461935121300373,0.338073236451672,demographic_parity micro
0.053,0.264556827526516,0.3378239753954043,demographic_parity micro
0.054,0.26449430382214323,0.3375747142531763,demographic_parity micro
0.055,0.2644317801022469,0.3373254530334314,demographic_parity micro
0.056,0.2643692563694158,0.33707619174576664,demographic_parity micro
0.057,0.26430673262642745,0.33682693040048073,demographic_parity micro
0.058,0.26424420887600397,0.33657766900802477,demographic_parity micro
0.059000000000000004,0.26418168512075535,0.3363284075785753,demographic_parity micro
0.06,0.2641191613630208,0.3360791461216074,demographic_parity micro
0.061,0.2640566376047859,0.33582988464556396,demographic_parity micro
0.062,0.2639941138476194,0.33558062315762416,demographic_parity micro
0.063,0.26393159009262945,0.3353313616635717,demographic_parity micro
0.064,0.2638690663404595,0.33508210016780837,demographic_parity micro
0.065,0.26380654259134284,0.3348328386734991,demographic_parity micro
0.066,0.263744018845113,0.33458357718284926,demographic_parity micro
0.067,0.26368149510139804,0.3343343156975712,demographic_parity micro
0.068,0.26361897140741974,0.33408505454784787,demographic_parity micro
0.069,0.26355644775058285,0.33383579365469185,demographic_parity micro
0.07,0.26349392409317196,0.3335865327595421,demographic_parity micro
0.07100000000000001,0.2634314004350198,0.33333727186137685,demographic_parity micro
0.07200000000000001,0.2633688767760062,0.3330880109595614,demographic_parity micro
0.073,0.26330635311602024,0.3328387500534067,demographic_parity micro
0.074,0.26324382945492064,0.33258948914216324,demographic_parity micro
0.075,0.26318130579253285,0.3323402282250191,demographic_parity micro
0.076,0.2631187821287244,0.3320909673011103,demographic_parity micro
0.077,0.2630562584632794,0.3318417063694702,demographic_parity micro
0.078,0.2629937347959965,0.33159244542903743,demographic_parity micro
0.079,0.26293121112664375,0.33134318447859246,demographic_parity micro
0.08,0.2628686874549462,0.33109392351670464,demographic_parity micro
0.081,0.26280616379180777,0.33084466259845025,demographic_parity micro
0.082,0.26274364014314633,0.33059540175337976,demographic_parity micro
0.083,0.26268111649792203,0.3303461409255336,demographic_parity micro
0.084,0.26261859285596845,0.3300968801143077,demographic_parity micro
0.085,0.2625560692168383,0.3298476193175487,demographic_parity micro
0.08600000000000001,0.2624935455795949,0.3295983585309902,demographic_parity micro
0.08700000000000001,0.26243102194278334,0.32934909774766963,demographic_parity micro
0.088,0.2623684983041864,0.3290998369572029,demographic_parity micro
0.089,0.26230597466076755,0.3288505761451056,demographic_parity micro
0.09,0.26224345101509194,0.3286013153291054,demographic_parity micro
0.091,0.2621809275912843,0.32835205571692294,demographic_parity micro
0.092,0.2621184042700121,0.32810279655507424,demographic_parity micro
0.093,0.262055881129445,0.32785353814702567,demographic_parity micro
0.094,0.26199335825692116,0.3276042808739579,demographic_parity micro
0.095,0.26193083579363396,0.3273550253140679,demographic_parity micro
0.096,0.26186831392542664,0.32710577220668735,demographic_parity micro
0.097,0.2618057928777541,0.32685652240304786,demographic_parity micro
0.098,0.261743272899577,0.3266072767525884,demographic_parity micro
0.099,0.2616807542354981,0.3263580359137862,demographic_parity micro
0.1,0.2616182370931629,0.32610880011156673,demographic_parity micro
0.101,0.2615556897008807,0.3258594378730879,demographic_parity micro
0.10200000000000001,0.261493166018125,0.32561017679093196,demographic_parity micro
0.10300000000000001,0.26143064233558044,0.3253609157092293,demographic_parity micro
0.10400000000000001,0.2613681186529415,0.32511165462689584,demographic_parity micro
0.105,0.26130559497044814,0.3248623935448912,demographic_parity micro
0.106,0.261243071288935,0.3246131324688327,demographic_parity micro
0.107,0.2611805476079291,0.3243638713958713,demographic_parity micro
0.108,0.26111802394948036,0.32411461045589507,demographic_parity micro
0.109,0.26105550980805126,0.3238653920885355,demographic_parity micro
0.11,0.26100795979676716,0.3236758230153204,demographic_parity micro
0.111,0.26100795758625606,0.32367581250198674,demographic_parity micro
0.112,0.26100795756396133,0.32367581244275245,demographic_parity micro
0.113,0.2610079577206925,0.3236758134660995,demographic_parity micro
0.114,0.2610079578637907,0.32367581588660566,demographic_parity micro
0.115,0.261007957861373,0.32367581583080385,demographic_parity micro
0.116,0.26100795780501496,0.3236758149623532,demographic_parity micro
0.117,0.2610079577456669,0.3236758140360835,demographic_parity micro
0.11800000000000001,0.2610079576946158,0.32367581324352523,demographic_parity micro
0.11900000000000001,0.2610079576634581,0.3236758127534246,demographic_parity micro
0.12,0.26100795766315343,0.32367581275427193,demographic_parity micro
0.121,0.26100795766031026,0.3236758127476064,demographic_parity micro
0.122,0.26100795765484475,0.32367581273254376,demographic_parity micro
0.123,0.26100795764677,0.3236758127086077,demographic_parity micro
0.124,0.2610079576360579,0.323675812675012,demographic_parity micro
0.125,0.26100795762255047,0.3236758126301944,demographic_parity micro
0.126,0.261007957606177,0.32367581257238276,demographic_parity micro
0.127,0.26100795759712514,0.3236758125380693,demographic_parity micro
0.128,0.2610079575934371,0.3236758125242799,demographic_parity micro
0.129,0.26100795758670936,0.3236758124994581,demographic_parity micro
0.13,0.26100795758003614,0.323675812475377,demographic_parity micro
0.131,0.2610079575737495,0.323675812453025,demographic_parity micro
0.132,0.26100795756784667,0.3236758124323319,demographic_parity micro
0.133,0.26100795756337936,0.32367581242062904,demographic_parity micro
0.134,0.2610079692250804,0.3236758760712718,demographic_parity micro
0.135,0.2610079585637938,0.32367581970022863,demographic_parity micro
0.136,0.261007959699613,0.3236758236330596,demographic_parity micro
0.137,0.2610079609904623,0.32367583053760907,demographic_parity micro
0.138,0.26100796035292995,0.3236758269315857,demographic_parity micro
0.139,0.2610079592431168,0.32367582082797075,demographic_parity micro
0.14,0.26100795812804023,0.32367581475543983,demographic_parity micro
0.14100000000000001,0.2610079583261047,0.3236758156653653,demographic_parity micro
0.14200000000000002,0.2610079584829921,0.32367581636943477,demographic_parity micro
0.14300000000000002,0.26100795860187964,0.3236758168885512,demographic_parity micro
0.14400000000000002,0.26100795868974425,0.32367581726119987,demographic_parity micro
0.145,0.26100795875317195,0.32367581752080277,demographic_parity micro
0.146,0.2610079587978513,0.3236758176951501,demographic_parity micro
0.147,0.26100795882807504,0.323675817804954,demographic_parity micro
0.148,0.2610079588470168,0.3236758178653497,demographic_parity micro
0.149,0.26100795885699046,0.32367581788725,demographic_parity micro
0.15,0.26100795885967687,0.32367581787845856,demographic_parity micro
